id,first_name,last_name,email,created_at
1,John,Doe,johndoe@example.com,2022-01-01 10:00:00
2,Jane,Doe,janedoe@example.com,2022-01-02 11:00:00
3,Bob,Smith,bobsmith@example.com,2022-01-03 12:00:00
4,Alice,Johnson,alicejohnson@example.com,2022-01-04 13:00:00
5,Charlie,Brown,charliebrown@example.com,2022-01-05 14:00:00
6,David,Davis,daviddavis@example.com,2022-01-06 15:00:00
7,Eve,Everest,eveeverest@example.com,2022-01-07 16:00:00
8,Frank,Furter,frankfurter@example.com,2022-01-08 17:00:00
9,Grace,Garcia,gracegarcia@example.com,2022-01-09 18:00:00
10,Heidi,Hall,heidihall@example.com,2022-01-10 19:00:00
11,Ivan,Ivanov,ivanivanov@example.com,2022-01-11 20:00:00
12,Judy,Jones,judyjones@example.com,2022-01-12 21:00:00
13,Karl,Kennedy,karlkennedy@example.com,2022-01-13 22:00:00
14,Linda,Lee,lindalee@example.com,2022-01-14 23:00:00
15,Mike,Miller,mikemiller@example.com,2022-01-15 00:00:00
16,Nancy,Nguyen,nancyn@example.com,2022-01-16 01:00:00
17,Oliver,Owen,oliverowen@example.com,2022-01-17 02:00:00
18,Patricia,Parker,patriciaparker@example.com,2022-01-18 03:00:00
19,Quentin,Quire,quentinquire@example.com,2022-01-19 04:00:00
20,Rachel,Ross,rachelross@example.com,2022-01-20 05:00:00
21,Steve,Smith,stevesmith@example.com,2022-01-21 06:00:00
22,Tina,Taylor,tinataylor@example.com,2022-01-22 07:00:00
23,Uma,Underwood,umaunderwood@example.com,2022-01-23 08:00:00
24,Victor,Vega,victorvega@example.com,2022-01-24 09:00:00
25,Wendy,Watson,wendywatson@example.com,2022-01-25 10:00:00
26,Xavier,Xanthos,xavierxanthos@example.com,2022-01-26 11:00:00
27,Yvonne,Young,yvonneyoung@example.com,2022-01-27 12:00:00
28,Zachary,Zimmerman,zacharyzimmerman@example.com,2022-01-28 13:00:00
29,Arthur,Anderson,arthuranderson@example.com,2022-01-29 14:00:00
30,Barbara,Baker,barbarabaker@example.com,2022-01-30 15:00:00
31,Charles,Clarke,charlesclarke@example.com,2022-01-31 16:00:00
32,Diana,Davis,dianadavis@example.com,2022-02-01 17:00:00
33,Edward,Ellis,edwardellis@example.com,2022-02-02 18:00:00
34,Fiona,Foster,fionafoster@example.com,2022-02-03 19:00:00
35,George,Graham,georgegraham@example.com,2022-02-04 20:00:00
36,Harriet,Harris,harrietharris@example.com,2022-02-05 21:00:00
37,Ian,Iverson,ianiverson@example.com,2022-02-06 22:00:00
38,Jacqueline,Jackson,jacquelinejackson@example.com,2022-02-07 23:00:00
39,Katherine,Knight,katherineknight@example.com,2022-02-08 00:00:00
40,Larry,Lawrence,larrylawrence@example.com,2022-02-09 01:00:00
41,Mary,Moore,marymoore@example.com,2022-02-10 02:00:00
42,Nicholas,Nelson,nicholasnelson@example.com,2022-02-11 03:00:00
43,Olivia,Oliver,oliviaoliver@example.com,2022-02-12 04:00:00
44,Patrick,Patterson,patrickpatterson@example.com,2022-02-13 05:00:00
45,Quincy,Quinn,quincyquinn@example.com,2022-02-14 06:00:00
46,Rose,Roberts,roseroberts@example.com,2022-02-15 07:00:00
47,Samuel,Sanders,samuelsanders@example.com,2022-02-16 08:00:00
48,Theresa,Thomas,theresathomas@example.com,2022-02-17 09:00:00
49,Ursula,Underwood,ursulaunderwood@example.com,2022-02-18 10:00:00
50,Vincent,Vaughn,vincentvaughn@example.com,2022-02-19 11:00:00
51,William,Walker,williamwalker@example.com,2022-02-20 12:00:00
52,Samantha,Smith,samanthasmith@example.com,2022-01-12 10:00:00
53,Robert,Johnson,robertjohnson@example.com,2022-01-12 11:00:00
54,Jessica,Williams,jessicawilliams@example.com,2022-01-12 12:00:00
55,Michael,Brown,michaelbrown@example.com,2022-01-12 13:00:00
56,Emily,Davis,emilydavis@example.com,2022-01-12 14:00:00
57,William,Miller,williammiller@example.com,2022-01-12 15:00:00
58,Olivia,Jones,oliviajones@example.com,2022-01-12 16:00:00
59,James,Garcia,jamesgarcia@example.com,2022-01-12 17:00:00
60,Sophia,Rodriguez,sophiarodriguez@example.com,2022-01-12 18:00:00
61,Charles,Wilson,charleswilson@example.com,2022-01-12 19:00:00
62,Mia,Martinez,miamartinez@example.com,2022-01-12 20:00:00
63,Benjamin,Taylor,benjamintaylor@example.com,2022-01-12 21:00:00
64,Isabella,Anderson,isabellaanderson@example.com,2022-01-12 22:00:00
65,David,Thomas,davidthomas@example.com,2022-01-12 23:00:00
66,Ava,Hernandez,avahernandez@example.com,2022-01-13 00:00:00
67,Ethan,Moore,ethanmoore@example.com,2022-01-13 01:00:00
68,Lily,Jackson,lilyjackson@example.com,2022-01-13 02:00:00
69,Daniel,Martin,danielmartin@example.com,2022-01-13 03:00:00
70,Evelyn,Thompson,evelynthompson@example.com,2022-01-13 04:00:00
71,Anthony,White,anthonywhite@example.com,2022-01-13 05:00:00
72,Harper,Lopez,harperlopez@example.com,2022-01-13 06:00:00
73,Christopher,Lee,christopherlee@example.com,2022-01-13 07:00:00
74,Abigail,Gonzalez,abigailgonzalez@example.com,2022-01-13 08:00:00
75,Joseph,Harris,josephharris@example.com,2022-01-13 09:00:00
76,Madison,Clark,madisonclark@example.com,2022-01-13 10:00:00
77,Alexander,Lewis,alexanderlewis@example.com,2022-01-13 11:00:00
78,Chloe,Robinson,chloerobinson@example.com,2022-01-13 12:00:00
79,Andrew,Walker,andrewwalker@example.com,2022-01-13 13:00:00
80,Amelia,Hall,ameliahall@example.com,2022-01-13 14:00:00
81,Matthew,Young,matthewyoung@example.com,2022-01-13 15:00:00
82,Ella,Allen,ellaallen@example.com,2022-01-13 16:00:00
83,Ryan,Sanchez,ryansanchez@example.com,2022-01-13 17:00:00
84,Grace,King,graceking@example.com,2022-01-13 18:00:00
85,Joshua,Wright,joshuawright@example.com,2022-01-13 19:00:00
86,Avery,Scott,averyscott@example.com,2022-01-13 20:00:00
87,Nathan,Green,nathangreen@example.com,2022-01-13 21:00:00
88,Victoria,Baker,victoriabaker@example.com,2022-01-13 22:00:00
89,Caleb,Adams,calebadams@example.com,2022-01-13 23:00:00
90,Sarah,Nelson,sarahnelson@example.com,2022-01-14 00:00:00
91,Christian,Hill,christianhill@example.com,2022-01-14 01:00:00
92,Audrey,Phillips,audreyphillips@example.com,2022-01-14 02:00:00
93,Dylan,Campbell,dylancampbell@example.com,2022-01-14 03:00:00
94,Elizabeth,Mitchell,elizabethmitchell@example.com,2022-01-14 04:00:00
95,John,Perez,johnperez@example.com,2022-01-14 05:00:00
96,Nora,Roberts,noraroberts@example.com,2022-01-14 06:00:00
97,Luke,Turner,luketurner@example.com,2022-01-14 07:00:00
98,Brooklyn,Stewart,brooklynstewart@example.com,2022-01-14 08:00:00
99,Aaron,Carter,aaroncarter@example.com,2022-01-14 09:00:00
100,Sofia,Gomez,sofiagomez@example.com,2022-01-14 10:00:00
101,Austin,Foster,austinfoster@example.com,2022-01-14 11:00:00
102,Leah,Fisher,leahfisher@example.com,2022-01-14 12:00:00
103,Gabriel,Gray,gabrielgray@example.com,2022-01-14 13:00:00

